book_name,book_image,author,page,release_date,short_description,price,programming_language,concept,tool
Intel Galileo Networking Cookbook,www.packtpub.com/media/catalog/product/cache/5d165500a520a389deb95b325792ea25/1/1/1198os_intel20galileo20networking20cookbook.jpg,By Marco Schwartz,174.0,Aug 2015,Over 50 recipes that will help you use the Intel Galileo board to build exciting network-connected p...,$23.99,C#,Networking,Galileo
OpenVPN Cookbook - Second Edition,www.packtpub.com/media/catalog/product/cache/5d165500a520a389deb95b325792ea25/9/7/9781786463128.png,By Jan Just Keijser,400.0,Feb 2017,Discover over 90 practical and exciting recipes that leverage the power of OpenVPN 2.4 to help you o...,$39.99,C#,Networking,OpenVPN
Troubleshooting OpenVPN,www.packtpub.com/media/catalog/product/cache/5d165500a520a389deb95b325792ea25/b/0/b05404.png,By Eric F Crist,178.0,Mar 2017,Get the solutions you need to troubleshoot any issue you may face to keep your OpenVPN up and runnin...,$27.99,C#,Networking,OpenVPN
OpenVPN:  Building and Integrating Virtual Private Networks,www.packtpub.com/media/catalog/product/cache/5d165500a520a389deb95b325792ea25/1/9/190481185x.jpg,By Markus Feilner,270.0,May 2006,Learn how to build secure VPNs using this powerful Open Source application,$35.99,C#,Networking,OpenVPN
"Getting Started with Simulink,www.packtpub.com/media/catalog/product/cache/5d165500a520a389deb95b325792ea25/1/3/1386en.jpg,By Luca Zamboni,126.0,Oct 2013,""Written by an experienced engineer, this book will help you utilize the great user-friendly features..."",$20.99,C#,Networking,Simulink"
"Zabbix 1.8 Network Monitoring,www.packtpub.com/media/catalog/product/cache/5d165500a520a389deb95b325792ea25/7/6/7689_mockupcover_raw.jpg,By Rihards Olups,428.0,Mar 2010,""Monitor your network hardware, servers, and web performance effectively and efficiently"",$26.99,C#,Networking,Zabbix"
Learn Wireshark,www.packtpub.com/media/catalog/product/cache/5d165500a520a389deb95b325792ea25/9/7/9781789134506-original_29.png,By Lisa Bock,432.0,Aug 2019,Grasp the basics of packet capture and analyze common protocols,$27.99,C#,Penetration Testing,Wireshark
"Mastering FreeSWITCH,www.packtpub.com/media/catalog/product/cache/5d165500a520a389deb95b325792ea25/8/8/8880os_3754_mastering20freeswitch.jpg,By Anthony Minessale II,300.0,Jul 2016,""Master the art of advanced VoIP and WebRTC communication with the most dynamic application server, F..."",$35.99,C#,Real Time Communication,FreeSWITCH"
"Mastering OpenLDAP: Configuring, Securing and Integrating Directory Services,www.packtpub.com/media/catalog/product/cache/5d165500a520a389deb95b325792ea25/1/8/1847191029.jpg,By Matt Butcher,484.0,Aug 2007,""If you want to go beyond the fundamentals of OpenLDAP, this is the guide you need. Starting with the..."",$29.99,C#,Real Time Communication,OpenLDAP"
TrixBox Made Easy,www.packtpub.com/media/catalog/product/cache/5d165500a520a389deb95b325792ea25/1/9/1904811930.jpg,By Barrie Dempster,168.0,Sep 2006,A step-by-step guide to installing and running your home and office VoIP system,$20.99,C#,Real Time Communication,Trixbox
Getting Started with MariaDB,www.packtpub.com/media/catalog/product/cache/5d165500a520a389deb95b325792ea25/8/0/8096os_cover.jpg,By Daniel Bartholomew,100.0,Oct 2013,MariaDB is growing in popularity as a “drop-in” replacement for MySQL. Now you can quickly learn how...,$20.99,C++,Database Administration,MariaDB
Troubleshooting PostgreSQL,www.packtpub.com/media/catalog/product/cache/5d165500a520a389deb95b325792ea25/5/3/5314os.jpg,By Hans-Jürgen Schönig,164.0,Mar 2015,Intercept problems and challenges typically faced by PostgreSQL database administrators with the bes...,$23.99,C++,Database Administration,PostgreSQL
Mastering PostgreSQL 10,www.packtpub.com/media/catalog/product/cache/5d165500a520a389deb95b325792ea25/b/0/b08773_cover.png,By Hans-Jürgen Schönig,428.0,Jan 2018,Master the capabilities of PostgreSQL 10 to efficiently manage and maintain your database,$31.99,C++,Database Administration,PostgreSQL
SAP HANA Cookbook,www.packtpub.com/media/catalog/product/cache/5d165500a520a389deb95b325792ea25/7/6/7623en_sap20hana20cookbook.jpg,By Chandrasekhar Mankala,284.0,Dec 2013,Your all-inclusive guide to understanding SAP HANA with practical recipes with over 50 recipes,$29.99,C++,Database Administration,SAP Hana
Learning Embedded Linux Using the Yocto Project,www.packtpub.com/media/catalog/product/cache/5d165500a520a389deb95b325792ea25/7/3/7395os.jpg,By Alexandru Vaduva,334.0,Jul 2015,Develop powerful embedded Linux systems with the Yocto Project components,$35.99,C++,Embedded Systems,Yocto Project
Linux: Embedded Development,www.packtpub.com/media/catalog/product/cache/5d165500a520a389deb95b325792ea25/c/0/c06108_low_0.jpg,By Alexandru Vaduva,989.0,Sep 2016,Leverage the power of Linux to develop captivating and powerful embedded Linux projects,$71.99,C++,Embedded Systems,Yocto Project
Hands-On Network Forensics,www.packtpub.com/media/catalog/product/cache/5d165500a520a389deb95b325792ea25/9/7/9781789344523-original_41.png,By Nipun Jaswal,358.0,Mar 2019,Gain basic skills in network forensics and learn how to apply them effectively,$27.99,C++,Network Security,Wireshark
Packet Analysis with Wireshark,www.packtpub.com/media/catalog/product/cache/5d165500a520a389deb95b325792ea25/7/8/7819os_4965_packet20analysis20with20wireshark.jpg,By Anish Nath,172.0,Dec 2015,Leverage the power of Wireshark to troubleshoot your networking issues by using effective packet ana...,$27.99,C++,Network Security,Wireshark
Wireshark 2 Quick Start Guide,www.packtpub.com/media/catalog/product/cache/5d165500a520a389deb95b325792ea25/b/1/b10983_newcover.png,By Charit Mishra,164.0,Jun 2018,Protect your network as you move from the basics of the Wireshark scenarios to detecting and resolvi...,$23.99,C++,Network Security,Wireshark
Intel Galileo Networking Cookbook,www.packtpub.com/media/catalog/product/cache/5d165500a520a389deb95b325792ea25/1/1/1198os_intel20galileo20networking20cookbook.jpg,By Marco Schwartz,174.0,Aug 2015,Over 50 recipes that will help you use the Intel Galileo board to build exciting network-connected p...,$23.99,C++,Networking,Galileo
OpenVPN Cookbook - Second Edition,www.packtpub.com/media/catalog/product/cache/5d165500a520a389deb95b325792ea25/9/7/9781786463128.png,By Jan Just Keijser,400.0,Feb 2017,Discover over 90 practical and exciting recipes that leverage the power of OpenVPN 2.4 to help you o...,$39.99,C++,Networking,OpenVPN
Troubleshooting OpenVPN,www.packtpub.com/media/catalog/product/cache/5d165500a520a389deb95b325792ea25/b/0/b05404.png,By Eric F Crist,178.0,Mar 2017,Get the solutions you need to troubleshoot any issue you may face to keep your OpenVPN up and runnin...,$27.99,C++,Networking,OpenVPN
OpenVPN:  Building and Integrating Virtual Private Networks,www.packtpub.com/media/catalog/product/cache/5d165500a520a389deb95b325792ea25/1/9/190481185x.jpg,By Markus Feilner,270.0,May 2006,Learn how to build secure VPNs using this powerful Open Source application,$35.99,C++,Networking,OpenVPN
"Getting Started with Simulink,www.packtpub.com/media/catalog/product/cache/5d165500a520a389deb95b325792ea25/1/3/1386en.jpg,By Luca Zamboni,126.0,Oct 2013,""Written by an experienced engineer, this book will help you utilize the great user-friendly features..."",$20.99,C++,Networking,Simulink"
"Zabbix 1.8 Network Monitoring,www.packtpub.com/media/catalog/product/cache/5d165500a520a389deb95b325792ea25/7/6/7689_mockupcover_raw.jpg,By Rihards Olups,428.0,Mar 2010,""Monitor your network hardware, servers, and web performance effectively and efficiently"",$26.99,C++,Networking,Zabbix"
Penetration Testing with the Bash shell,www.packtpub.com/media/catalog/product/cache/5d165500a520a389deb95b325792ea25/5/1/5107os_mockupcover_normal.jpg,By Keith Makan,150.0,May 2014,Make the most of Bash shell and Kali Linux�s command line based security assessment tools.,$13.99,C++,Penetration Testing,Bash
"Kali Linux 2018: Assuring Security by Penetration Testing - Fourth Edition,www.packtpub.com/media/catalog/product/cache/5d165500a520a389deb95b325792ea25/c/o/cover_16.png,By Shiva V. N Parasram,528.0,Oct 2018,""Achieve the gold standard in penetration testing with Kali using this masterpiece, now in its fourth..."",$35.99,C++,Penetration Testing,Kali Linux"
Learn Wireshark,www.packtpub.com/media/catalog/product/cache/5d165500a520a389deb95b325792ea25/9/7/9781789134506-original_29.png,By Lisa Bock,432.0,Aug 2019,Grasp the basics of packet capture and analyze common protocols,$27.99,C++,Penetration Testing,Wireshark
"Mastering FreeSWITCH,www.packtpub.com/media/catalog/product/cache/5d165500a520a389deb95b325792ea25/8/8/8880os_3754_mastering20freeswitch.jpg,By Anthony Minessale II,300.0,Jul 2016,""Master the art of advanced VoIP and WebRTC communication with the most dynamic application server, F..."",$35.99,C++,Real Time Communication,FreeSWITCH"
"Mastering OpenLDAP: Configuring, Securing and Integrating Directory Services,www.packtpub.com/media/catalog/product/cache/5d165500a520a389deb95b325792ea25/1/8/1847191029.jpg,By Matt Butcher,484.0,Aug 2007,""If you want to go beyond the fundamentals of OpenLDAP, this is the guide you need. Starting with the..."",$29.99,C++,Real Time Communication,OpenLDAP"
TrixBox Made Easy,www.packtpub.com/media/catalog/product/cache/5d165500a520a389deb95b325792ea25/1/9/1904811930.jpg,By Barrie Dempster,168.0,Sep 2006,A step-by-step guide to installing and running your home and office VoIP system,$20.99,C++,Real Time Communication,Trixbox
"FreeSWITCH Cookbook,www.packtpub.com/media/catalog/product/cache/5d165500a520a389deb95b325792ea25/5/4/5405os_freeswitch20cookbook_front20cover.jpg,By Anthony Minessale II,150.0,Feb 2012,""Written by members of the FreeSWITCH team, this is the ultimate guide to getting the most out of the..."",$17.99,C++,Servers,FreeSWITCH"
Linux Utilities Cookbook,www.packtpub.com/media/catalog/product/cache/5d165500a520a389deb95b325792ea25/3/0/3008os.jpg,By James Kent Lewis,224.0,Oct 2013,Everything you need to know about Linux but were afraid to ask. This book will make you a master of ...,$26.99,C++,Servers,Linux
Linux Email: Set up and Run a Small Office Email Server,www.packtpub.com/media/catalog/product/cache/5d165500a520a389deb95b325792ea25/1/9/190481137x.jpg,By Alistair McDonald,316.0,Jul 2005,There are definite advantages to running your corporate e-mail on Linux. This step-by-step guide exp...,$23.99,C++,Servers,Linux
Nginx HTTP Server,www.packtpub.com/media/catalog/product/cache/5d165500a520a389deb95b325792ea25/0/8/0868os_mockupcover.jpg,By Clement Nedelcu,348.0,Jul 2010,Adopt Nginx for your web applications to make the most of your infrastructure and serve pages faster...,$26.99,C++,Servers,NGINX
Nginx 1 Web Server Implementation Cookbook,www.packtpub.com/media/catalog/product/cache/5d165500a520a389deb95b325792ea25/4/9/4965os_nginx20120web20server20implementation20cookbook.jpg,By Dipankar Sarkar,236.0,May 2011,Over 100 recipes to master using the Nginx HTTP server and reverse proxy,$23.99,C++,Servers,NGINX
Nginx HTTP Server - Second Edition,www.packtpub.com/media/catalog/product/cache/5d165500a520a389deb95b325792ea25/2/3/2322os_cov.jpg,By Clement Nedelcu,318.0,Jul 2013,Nginx can be an ideal replacement or supplement to Apache. Learn just how straightforward it can be ...,$26.99,C++,Servers,NGINX
Mastering Arduino,www.packtpub.com/media/catalog/product/cache/5d165500a520a389deb95b325792ea25/b/0/b09469.png,By Jon Hoffman,372.0,Sep 2018,Mastering Arduino is a practical guide that teaches you the electronics and programming skills you n...,$31.99,C++,Single Board Computers,Arduino
Learning C for Arduino,www.packtpub.com/media/catalog/product/cache/5d165500a520a389deb95b325792ea25/n/e/new-5922.png,By Syed Omar Faruk Towaha,378.0,Mar 2017,Ultimate guide for programming Arduino with C,$35.99,C++,Single Board Computers,Arduino
C Programming for Arduino,www.packtpub.com/media/catalog/product/cache/5d165500a520a389deb95b325792ea25/7/5/7584os_cover.jpg,By Julien Bayle,512.0,May 2013,Building your own electronic devices is fascinating fun and this book helps you enter the world of a...,$29.99,C++,Single Board Computers,Arduino
Arduino Robotic Projects,www.packtpub.com/media/catalog/product/cache/5d165500a520a389deb95b325792ea25/9/8/9829os.jpg,By Dr. Richard Grimmett,240.0,Aug 2014,Build awesome and complex robots with the power of Arduino.,$26.99,C++,Single Board Computers,Arduino
Construyendo Sistemas telefónicos con Asterisk [Espanol],www.packtpub.com/media/catalog/product/cache/5d165500a520a389deb95b325792ea25/1/9/1904811728.jpg,By David Gomillion,208.0,Apr 2007,Una fácil introducción para usar y configurar Asterisk para construir sistemas telefónicos ricos en ...,$23.99,C++,System Administration,Asterisk
"Linux Kernel Programming,www.packtpub.com/media/catalog/product/cache/5d165500a520a389deb95b325792ea25/9/7/9781789953435-original_77.jpeg,By Kaiwan N Billimoria,754.0,Mar 2021,""Learn how to write high-quality kernel module code, solve common Linux kernel programming issues, an..."",$31.99,C++,System Administration,Linux"
Linux Device Drivers Development,www.packtpub.com/media/catalog/product/cache/5d165500a520a389deb95b325792ea25/b/0/b04834_cover.png,By John Madieu,586.0,Oct 2017,Learn to develop customized device drivers for your embedded Linux system,$35.99,C++,System Administration,Ubuntu Server
Getting Started with MariaDB,www.packtpub.com/media/catalog/product/cache/5d165500a520a389deb95b325792ea25/8/0/8096os_cover.jpg,By Daniel Bartholomew,100.0,Oct 2013,MariaDB is growing in popularity as a “drop-in” replacement for MySQL. Now you can quickly learn how...,$20.99,C,Database Administration,MariaDB
Troubleshooting PostgreSQL,www.packtpub.com/media/catalog/product/cache/5d165500a520a389deb95b325792ea25/5/3/5314os.jpg,By Hans-Jürgen Schönig,164.0,Mar 2015,Intercept problems and challenges typically faced by PostgreSQL database administrators with the bes...,$23.99,C,Database Administration,PostgreSQL
Mastering PostgreSQL 10,www.packtpub.com/media/catalog/product/cache/5d165500a520a389deb95b325792ea25/b/0/b08773_cover.png,By Hans-Jürgen Schönig,428.0,Jan 2018,Master the capabilities of PostgreSQL 10 to efficiently manage and maintain your database,$31.99,C,Database Administration,PostgreSQL
SAP HANA Cookbook,www.packtpub.com/media/catalog/product/cache/5d165500a520a389deb95b325792ea25/7/6/7623en_sap20hana20cookbook.jpg,By Chandrasekhar Mankala,284.0,Dec 2013,Your all-inclusive guide to understanding SAP HANA with practical recipes with over 50 recipes,$29.99,C,Database Administration,SAP Hana
Learning Embedded Linux Using the Yocto Project,www.packtpub.com/media/catalog/product/cache/5d165500a520a389deb95b325792ea25/7/3/7395os.jpg,By Alexandru Vaduva,334.0,Jul 2015,Develop powerful embedded Linux systems with the Yocto Project components,$35.99,C,Embedded Systems,Yocto Project
Linux: Embedded Development,www.packtpub.com/media/catalog/product/cache/5d165500a520a389deb95b325792ea25/c/0/c06108_low_0.jpg,By Alexandru Vaduva,989.0,Sep 2016,Leverage the power of Linux to develop captivating and powerful embedded Linux projects,$71.99,C,Embedded Systems,Yocto Project
Hands-On Network Forensics,www.packtpub.com/media/catalog/product/cache/5d165500a520a389deb95b325792ea25/9/7/9781789344523-original_41.png,By Nipun Jaswal,358.0,Mar 2019,Gain basic skills in network forensics and learn how to apply them effectively,$27.99,C,Network Security,Wireshark
Packet Analysis with Wireshark,www.packtpub.com/media/catalog/product/cache/5d165500a520a389deb95b325792ea25/7/8/7819os_4965_packet20analysis20with20wireshark.jpg,By Anish Nath,172.0,Dec 2015,Leverage the power of Wireshark to troubleshoot your networking issues by using effective packet ana...,$27.99,C,Network Security,Wireshark
Wireshark 2 Quick Start Guide,www.packtpub.com/media/catalog/product/cache/5d165500a520a389deb95b325792ea25/b/1/b10983_newcover.png,By Charit Mishra,164.0,Jun 2018,Protect your network as you move from the basics of the Wireshark scenarios to detecting and resolvi...,$23.99,C,Network Security,Wireshark
Intel Galileo Networking Cookbook,www.packtpub.com/media/catalog/product/cache/5d165500a520a389deb95b325792ea25/1/1/1198os_intel20galileo20networking20cookbook.jpg,By Marco Schwartz,174.0,Aug 2015,Over 50 recipes that will help you use the Intel Galileo board to build exciting network-connected p...,$23.99,C,Networking,Galileo
OpenVPN Cookbook - Second Edition,www.packtpub.com/media/catalog/product/cache/5d165500a520a389deb95b325792ea25/9/7/9781786463128.png,By Jan Just Keijser,400.0,Feb 2017,Discover over 90 practical and exciting recipes that leverage the power of OpenVPN 2.4 to help you o...,$39.99,C,Networking,OpenVPN
Troubleshooting OpenVPN,www.packtpub.com/media/catalog/product/cache/5d165500a520a389deb95b325792ea25/b/0/b05404.png,By Eric F Crist,178.0,Mar 2017,Get the solutions you need to troubleshoot any issue you may face to keep your OpenVPN up and runnin...,$27.99,C,Networking,OpenVPN
OpenVPN:  Building and Integrating Virtual Private Networks,www.packtpub.com/media/catalog/product/cache/5d165500a520a389deb95b325792ea25/1/9/190481185x.jpg,By Markus Feilner,270.0,May 2006,Learn how to build secure VPNs using this powerful Open Source application,$35.99,C,Networking,OpenVPN
"Zabbix 1.8 Network Monitoring,www.packtpub.com/media/catalog/product/cache/5d165500a520a389deb95b325792ea25/7/6/7689_mockupcover_raw.jpg,By Rihards Olups,428.0,Mar 2010,""Monitor your network hardware, servers, and web performance effectively and efficiently"",$26.99,C,Networking,Zabbix"
Penetration Testing with the Bash shell,www.packtpub.com/media/catalog/product/cache/5d165500a520a389deb95b325792ea25/5/1/5107os_mockupcover_normal.jpg,By Keith Makan,150.0,May 2014,Make the most of Bash shell and Kali Linux�s command line based security assessment tools.,$13.99,C,Penetration Testing,Bash
"Kali Linux 2018: Assuring Security by Penetration Testing - Fourth Edition,www.packtpub.com/media/catalog/product/cache/5d165500a520a389deb95b325792ea25/c/o/cover_16.png,By Shiva V. N Parasram,528.0,Oct 2018,""Achieve the gold standard in penetration testing with Kali using this masterpiece, now in its fourth..."",$35.99,C,Penetration Testing,Kali Linux"
Learn Wireshark,www.packtpub.com/media/catalog/product/cache/5d165500a520a389deb95b325792ea25/9/7/9781789134506-original_29.png,By Lisa Bock,432.0,Aug 2019,Grasp the basics of packet capture and analyze common protocols,$27.99,C,Penetration Testing,Wireshark
"Mastering FreeSWITCH,www.packtpub.com/media/catalog/product/cache/5d165500a520a389deb95b325792ea25/8/8/8880os_3754_mastering20freeswitch.jpg,By Anthony Minessale II,300.0,Jul 2016,""Master the art of advanced VoIP and WebRTC communication with the most dynamic application server, F..."",$35.99,C,Real Time Communication,FreeSWITCH"
"Mastering OpenLDAP: Configuring, Securing and Integrating Directory Services,www.packtpub.com/media/catalog/product/cache/5d165500a520a389deb95b325792ea25/1/8/1847191029.jpg,By Matt Butcher,484.0,Aug 2007,""If you want to go beyond the fundamentals of OpenLDAP, this is the guide you need. Starting with the..."",$29.99,C,Real Time Communication,OpenLDAP"
TrixBox Made Easy,www.packtpub.com/media/catalog/product/cache/5d165500a520a389deb95b325792ea25/1/9/1904811930.jpg,By Barrie Dempster,168.0,Sep 2006,A step-by-step guide to installing and running your home and office VoIP system,$20.99,C,Real Time Communication,Trixbox
"FreeSWITCH Cookbook,www.packtpub.com/media/catalog/product/cache/5d165500a520a389deb95b325792ea25/5/4/5405os_freeswitch20cookbook_front20cover.jpg,By Anthony Minessale II,150.0,Feb 2012,""Written by members of the FreeSWITCH team, this is the ultimate guide to getting the most out of the..."",$17.99,C,Servers,FreeSWITCH"
Linux Utilities Cookbook,www.packtpub.com/media/catalog/product/cache/5d165500a520a389deb95b325792ea25/3/0/3008os.jpg,By James Kent Lewis,224.0,Oct 2013,Everything you need to know about Linux but were afraid to ask. This book will make you a master of ...,$26.99,C,Servers,Linux
Linux Email: Set up and Run a Small Office Email Server,www.packtpub.com/media/catalog/product/cache/5d165500a520a389deb95b325792ea25/1/9/190481137x.jpg,By Alistair McDonald,316.0,Jul 2005,There are definite advantages to running your corporate e-mail on Linux. This step-by-step guide exp...,$23.99,C,Servers,Linux
Nginx HTTP Server,www.packtpub.com/media/catalog/product/cache/5d165500a520a389deb95b325792ea25/0/8/0868os_mockupcover.jpg,By Clement Nedelcu,348.0,Jul 2010,Adopt Nginx for your web applications to make the most of your infrastructure and serve pages faster...,$26.99,C,Servers,NGINX
Nginx 1 Web Server Implementation Cookbook,www.packtpub.com/media/catalog/product/cache/5d165500a520a389deb95b325792ea25/4/9/4965os_nginx20120web20server20implementation20cookbook.jpg,By Dipankar Sarkar,236.0,May 2011,Over 100 recipes to master using the Nginx HTTP server and reverse proxy,$23.99,C,Servers,NGINX
Nginx HTTP Server - Second Edition,www.packtpub.com/media/catalog/product/cache/5d165500a520a389deb95b325792ea25/2/3/2322os_cov.jpg,By Clement Nedelcu,318.0,Jul 2013,Nginx can be an ideal replacement or supplement to Apache. Learn just how straightforward it can be ...,$26.99,C,Servers,NGINX
Mastering Arduino,www.packtpub.com/media/catalog/product/cache/5d165500a520a389deb95b325792ea25/b/0/b09469.png,By Jon Hoffman,372.0,Sep 2018,Mastering Arduino is a practical guide that teaches you the electronics and programming skills you n...,$31.99,C,Single Board Computers,Arduino
Learning C for Arduino,www.packtpub.com/media/catalog/product/cache/5d165500a520a389deb95b325792ea25/n/e/new-5922.png,By Syed Omar Faruk Towaha,378.0,Mar 2017,Ultimate guide for programming Arduino with C,$35.99,C,Single Board Computers,Arduino
C Programming for Arduino,www.packtpub.com/media/catalog/product/cache/5d165500a520a389deb95b325792ea25/7/5/7584os_cover.jpg,By Julien Bayle,512.0,May 2013,Building your own electronic devices is fascinating fun and this book helps you enter the world of a...,$29.99,C,Single Board Computers,Arduino
Arduino Robotic Projects,www.packtpub.com/media/catalog/product/cache/5d165500a520a389deb95b325792ea25/9/8/9829os.jpg,By Dr. Richard Grimmett,240.0,Aug 2014,Build awesome and complex robots with the power of Arduino.,$26.99,C,Single Board Computers,Arduino
Construyendo Sistemas telefónicos con Asterisk [Espanol],www.packtpub.com/media/catalog/product/cache/5d165500a520a389deb95b325792ea25/1/9/1904811728.jpg,By David Gomillion,208.0,Apr 2007,Una fácil introducción para usar y configurar Asterisk para construir sistemas telefónicos ricos en ...,$23.99,C,System Administration,Asterisk
"Linux Kernel Programming,www.packtpub.com/media/catalog/product/cache/5d165500a520a389deb95b325792ea25/9/7/9781789953435-original_77.jpeg,By Kaiwan N Billimoria,754.0,Mar 2021,""Learn how to write high-quality kernel module code, solve common Linux kernel programming issues, an..."",$31.99,C,System Administration,Linux"
Linux Device Drivers Development,www.packtpub.com/media/catalog/product/cache/5d165500a520a389deb95b325792ea25/b/0/b04834_cover.png,By John Madieu,586.0,Oct 2017,Learn to develop customized device drivers for your embedded Linux system,$35.99,C,System Administration,Ubuntu Server
Angular Test-Driven Development - Second Edition,www.packtpub.com/media/catalog/product/cache/5d165500a520a389deb95b325792ea25/9/7/9781786465474.png,By Md. Ziaul Haq,252.0,Feb 2017,Enhance your testing skills to build powerful and fault-free applications in Angular v4,$31.99,JavaScript,Application Testing,Angular
AngularJS Testing Cookbook,www.packtpub.com/media/catalog/product/cache/5d165500a520a389deb95b325792ea25/3/7/3742os.jpg,By Simon Bailey,180.0,Mar 2015,Eliminate volatile code by taking control and understanding how to test AngularJS applications,$23.99,JavaScript,Application Testing,Angular
"Backbone.js Testing,www.packtpub.com/media/catalog/product/cache/5d165500a520a389deb95b325792ea25/5/2/5248os.jpg,By Ryan Roemer,168.0,Jul 2013,""If you dread the business of testing JavaScript and Backbone.js web applications, this book is your ..."",$19.99,JavaScript,Application Testing,Backbone.js"
Getting Started with Grunt: The JavaScript Task Runner,www.packtpub.com/media/catalog/product/cache/5d165500a520a389deb95b325792ea25/0/6/0628os_getting20started.jpg,By Jaime Pillora,132.0,Feb 2014,If you know JavaScript you ought to know Grunt – the Task Runner for managing sophisticated web appl...,$20.99,JavaScript,Application Testing,Grunt
Jasmine JavaScript Testing - Second Edition,www.packtpub.com/media/catalog/product/cache/5d165500a520a389deb95b325792ea25/2/0/2041os.jpg,By Paulo Ragonha,134.0,Apr 2015,Test your JavaScript applications efficiently using Jasmine and React.js,$27.99,JavaScript,Application Testing,Jasmine
Jasmine Cookbook,www.packtpub.com/media/catalog/product/cache/5d165500a520a389deb95b325792ea25/7/1/7166os.jpg,By Munish Sethi,276.0,Apr 2015,Over 35 recipes to design and develop Jasmine tests to produce world-class JavaScript applications,$39.99,JavaScript,Application Testing,Jasmine
"Jasmine JavaScript Testing,www.packtpub.com/media/catalog/product/cache/5d165500a520a389deb95b325792ea25/7/2/7204os_cover.jpg,By Paulo Ragonha,146.0,Aug 2013,""If you want to take your JavaScript coding to a new level of reliability and proficiency, this book ..."",$19.99,JavaScript,Application Testing,Jasmine"
"Instant Mockito,www.packtpub.com/media/catalog/product/cache/5d165500a520a389deb95b325792ea25/7/9/7976os_instant20mockito.jpg,By Marcin Grzejszczak,66.0,Aug 2013,""Learn how to create stubs, mocks, and spies and verify their behavior using Mockito"",$12.99,JavaScript,Application Testing,Mockito"
Mastering SoapUI,www.packtpub.com/media/catalog/product/cache/5d165500a520a389deb95b325792ea25/i/m/img0802.jpg,By Pranai Nandan,240.0,Aug 2016,Master the art of testing and automating your SOA using SoapUI,$28.99,JavaScript,Application Testing,SoapUI
Testing Vue.js Components with Jest,www.packtpub.com/media/catalog/product/cache/5d165500a520a389deb95b325792ea25/9/7/9781839219689-original_93.jpeg,By Alex Jover Morales,88.0,Oct 2019,Unit test your Vue.js components with this fully-featured JavaScript testing framework,$19.99,JavaScript,Application Testing,Vue
"NativeScript for Angular Mobile Development,www.packtpub.com/media/catalog/product/cache/5d165500a520a389deb95b325792ea25/b/0/b06023_cover.png,By Nathan Walker,200.0,Aug 2017,""Learn NativeScript to build native mobile applications with Angular, TypeScript, JavaScript"",$35.99,JavaScript,Cross Platform Mobile Development,Angular"
Appcelerator Titanium Smartphone App Development Cookbook,www.packtpub.com/media/catalog/product/cache/5d165500a520a389deb95b325792ea25/3/9/3968exp_appcelerator20titanium20smartphone20app20developement20cookbook_frontcover.jpg,By Boydlee Pollentine,308.0,Dec 2011,You don’t need to know Objective C or Java to create native apps for iPhone and Android. All you nee...,$26.99,JavaScript,Cross Platform Mobile Development,Appcelerator Titanium
Appcelerator Titanium Business Application Development Cookbook,www.packtpub.com/media/catalog/product/cache/5d165500a520a389deb95b325792ea25/5/3/5343otcov.jpg,By Benjamin Bahrenburg,328.0,Jun 2013,Over 40 hands-on recipes to quickly and efficiently create business grade Titanium Enterprise apps,$29.99,JavaScript,Cross Platform Mobile Development,Appcelerator Titanium
"Appcelerator Titanium: Patterns and Best Practices,www.packtpub.com/media/catalog/product/cache/5d165500a520a389deb95b325792ea25/3/4/3486ot.jpg,By Boydlee Pollentine,110.0,Feb 2013,""Take your Titanium development experience to the next level, and build your Titanium knowledge on Co..."",$14.99,JavaScript,Cross Platform Mobile Development,Appcelerator Titanium"
"Electron Projects,www.packtpub.com/media/catalog/product/cache/5d165500a520a389deb95b325792ea25/9/7/9781838552206-original_39.png,By Denys Vuika,436.0,Nov 2019,""A project-based guide to help you create, package, and deploy desktop applications on multiple platf..."",$24.99,JavaScript,Cross Platform Mobile Development,Electron"
"Cross-platform Desktop Application Development: Electron, Node, NW.js, and React,www.packtpub.com/media/catalog/product/cache/5d165500a520a389deb95b325792ea25/b/0/b07154_cover.png,By Dmitry Sheiko,300.0,Jul 2017,""Build powerful cross-platform desktop applications with web technologies such as Node, NW.JS, Electr..."",$35.99,JavaScript,Cross Platform Mobile Development,Electron"
Building Cross-Platform Desktop Applications with Electron,www.packtpub.com/media/catalog/product/cache/5d165500a520a389deb95b325792ea25/9/7/9781786464125.png,By Muhammed Jasim,344.0,Apr 2017,Learn how to develop cross-platform desktop app from scratch with Electron and Node,$35.99,JavaScript,Cross Platform Mobile Development,Electron
Ionic Cookbook -Third Edition,www.packtpub.com/media/catalog/product/cache/5d165500a520a389deb95b325792ea25/b/0/b09147cover.png,By Indermohan Singh,390.0,Apr 2018,Solve all your Ionic-related issues through dedicated recipes that will help you get the best out of...,$35.99,JavaScript,Cross Platform Mobile Development,Ionic
"Ionic 2 Cookbook - Second Edition,www.packtpub.com/media/catalog/product/cache/5d165500a520a389deb95b325792ea25/5/9/5962_5402_ionic20220cookbook.png,By Hoc Phan,320.0,Nov 2016,""Over 30 life-changing recipes to help you create cutting edge, hybrid apps with Ionic 2"",$35.99,JavaScript,Cross Platform Mobile Development,Ionic"
Learning Ionic - Second Edition,www.packtpub.com/media/catalog/product/cache/5d165500a520a389deb95b325792ea25/5/4/5411.png,By Arvind Ravulavaru,378.0,Apr 2017,Create real-time hybrid applications with the leader of HTML5 frameworks: Ionic Framework,$35.99,JavaScript,Cross Platform Mobile Development,Ionic
Ionic Cookbook,www.packtpub.com/media/catalog/product/cache/5d165500a520a389deb95b325792ea25/b/0/b04291_7978os.jpg,By Hoc Phan,264.0,Oct 2015,Over 35 exciting recipes to spice up your application development with Ionic,$35.99,JavaScript,Cross Platform Mobile Development,Ionic
"Ionic Framework By Example,www.packtpub.com/media/catalog/product/cache/5d165500a520a389deb95b325792ea25/2/7/2720os_4680_ionic20framework20by20example.jpg,By Sani Yusuf,158.0,Jan 2016,""Build amazing cross-platform mobile apps with Ionic, the HTML5 framework that makes modern mobile ap..."",$20.99,JavaScript,Cross Platform Mobile Development,Ionic"
"Hybrid Mobile Development with Ionic,www.packtpub.com/media/catalog/product/cache/5d165500a520a389deb95b325792ea25/9/7/9781785286056.png,By Gaurav Saini,242.0,Apr 2017,""Build a complete, professional-quality, hybrid mobile application with Ionic"",$31.99,JavaScript,Cross Platform Mobile Development,Ionic"
"Ionic 2 Blueprints,www.packtpub.com/media/catalog/product/cache/5d165500a520a389deb95b325792ea25/3/7/3739os_5467_ionic20220blueprints.jpg,By Indermohan Singh,336.0,Aug 2016,""Build real-time, scalable, and interactive mobile apps with the Ionic framework"",$35.99,JavaScript,Cross Platform Mobile Development,Ionic"
"Ionic: Hybrid Mobile App Development,www.packtpub.com/media/catalog/product/cache/5d165500a520a389deb95b325792ea25/c/0/c07185_mockupcover_low.png,By Rahat Khanna,544.0,Jun 2017,""An end-to-end journey, empowering you to build real-time, scalable, and interactive mobile applicati..."",$63.99,JavaScript,Cross Platform Mobile Development,Ionic"
Learning Ionic,www.packtpub.com/media/catalog/product/cache/5d165500a520a389deb95b325792ea25/2/6/2603os.jpg,By Arvind Ravulavaru,388.0,Jul 2015,Discover a simpler approach to modern mobile application development with Ionic framework and learn ...,$35.99,JavaScript,Cross Platform Mobile Development,Ionic
jQuery Mobile Web Development Essentials - Third Edition,www.packtpub.com/media/catalog/product/cache/5d165500a520a389deb95b325792ea25/i/m/img5055.jpg,By Raymond Camden,266.0,Mar 2016,Build a powerful and practical jQuery-based framework in order to create mobile-optimized websites,$35.99,JavaScript,Cross Platform Mobile Development,jQuery Mobile
"Creating Mobile Apps with jQuery Mobile,www.packtpub.com/media/catalog/product/cache/5d165500a520a389deb95b325792ea25/0/0/0069os.jpg,By Shane Gliser,254.0,Apr 2013,""By the time you�ve completed the 10 projects in this book, you�ll be a dab hand at using jQuery Mobi..."",$26.99,JavaScript,Cross Platform Mobile Development,jQuery Mobile"
Mastering jQuery Mobile,www.packtpub.com/media/catalog/product/cache/5d165500a520a389deb95b325792ea25/9/0/9084ot_mastering20jquery20mobile_.jpg,By Chip Lambert,262.0,Jul 2015,Design and develop cutting-edge mobile web applications using jQuery Mobile to work across a number ...,$39.99,JavaScript,Cross Platform Mobile Development,jQuery
jQuery Mobile First Look,www.packtpub.com/media/catalog/product/cache/5d165500a520a389deb95b325792ea25/5/9/5900_jquery20mobile.jpg,By Giulio Bai,216.0,Jun 2011,Discover the endless possibilities offered by jQuery Mobile for rapid Mobile Web Development,$23.99,JavaScript,Cross Platform Mobile Development,jQuery
Creating Mobile Apps with jQuery Mobile - Second Edition,www.packtpub.com/media/catalog/product/cache/5d165500a520a389deb95b325792ea25/5/1/5116os_creating20mobile20apps20with20jquery20mobile20second20edition_cov.jpg,By Andy Matthews,288.0,Feb 2015,Create fully responsive and versatile real-world apps for smartphones with jQuery Mobile 1.4.5,$26.99,JavaScript,Cross Platform Mobile Development,jQuery
Learning Node.js for Mobile Application Development,www.packtpub.com/media/catalog/product/cache/5d165500a520a389deb95b325792ea25/b/0/b04653_learning20node.js20for20mobile20application20development_.jpg,By Stefan Buttigieg,248.0,Oct 2015,Make use of Node.js to learn the development of a simple yet scalable cross-platform mobile applicat...,$39.99,JavaScript,Cross Platform Mobile Development,Node.js
PhoneGap for Enterprise,www.packtpub.com/media/catalog/product/cache/5d165500a520a389deb95b325792ea25/4/7/4751os_phonegap20for20enterprise.jpg,By Kerri Shotts,192.0,Dec 2014,Master the art of building secure enterprise mobile applications using PhoneGap,$17.99,JavaScript,Cross Platform Mobile Development,Node.js
JavaScript Mobile Application Development,www.packtpub.com/media/catalog/product/cache/5d165500a520a389deb95b325792ea25/4/1/4171os_javascript20mobile20application20development_cover.jpg,By Hazem Saleh,332.0,Oct 2014,Create neat cross-platform mobile apps using Apache Cordova and jQuery Mobile,$26.99,JavaScript,Cross Platform Mobile Development,PhoneGap
PhoneGap 3 Beginner's Guide,www.packtpub.com/media/catalog/product/cache/5d165500a520a389deb95b325792ea25/0/9/0984os_mockup_bg.jpg,By Giorgio Natili,308.0,Sep 2013,PhoneGap opens up mobile application development to more people by using HTML and JavaScript. This b...,$26.99,JavaScript,Cross Platform Mobile Development,PhoneGap
PhoneGap By Example,www.packtpub.com/media/catalog/product/cache/5d165500a520a389deb95b325792ea25/5/3/5318os.jpg,By Andrey Kovalenko,368.0,Aug 2015,Use PhoneGap to apply web development skills and learn variety of cross-platform mobile applications,$35.99,JavaScript,Cross Platform Mobile Development,PhoneGap
Mastering PhoneGap Mobile Application Development,www.packtpub.com/media/catalog/product/cache/5d165500a520a389deb95b325792ea25/8/4/8434os_2066_mastering20phonegap20mobile20application20development.jpg,By Kerri Shotts,392.0,Feb 2016,Take your PhoneGap experience to the next level and create engaging real-world applications,$34.99,JavaScript,Cross Platform Mobile Development,PhoneGap
PhoneGap and AngularJS for Cross-platform Development,www.packtpub.com/media/catalog/product/cache/5d165500a520a389deb95b325792ea25/8/9/8921os20phonegap20and20angularjs20for20cross-platform20development.jpg,By Yuxian,122.0,Oct 2014,Build exciting cross-platform applications using PhoneGap and AngularJS,$19.99,JavaScript,Cross Platform Mobile Development,PhoneGap
PhoneGap Essentials,www.packtpub.com/media/catalog/product/cache/5d165500a520a389deb95b325792ea25/4/6/4687os.jpg,By Ivan Turkovic,178.0,Sep 2015,Use PhoneGap to build cross-platform mobile applications quickly and efficiently,$24.99,JavaScript,Cross Platform Mobile Development,PhoneGap
"PhoneGap: Beginner's Guide - Third Edition,www.packtpub.com/media/catalog/product/cache/5d165500a520a389deb95b325792ea25/2/2/2284os_phonegap20beginner27s20guide_third20edition.jpg,By Purusothaman Ramanujam,284.0,Jul 2015,""Create, develop, debug, and deploy your very own mobile applications with PhoneGap"",$35.99,JavaScript,Cross Platform Mobile Development,PhoneGap"
React Native Cookbook - Second Edition,www.packtpub.com/media/catalog/product/cache/5d165500a520a389deb95b325792ea25/9/7/9781788991926-original_71.png,By Daniel Ward,592.0,Jan 2019,Improve your React Native mobile development skills and transition from web to mobile development wi...,$27.99,JavaScript,Cross Platform Mobile Development,React Native
Mastering React Native,www.packtpub.com/media/catalog/product/cache/5d165500a520a389deb95b325792ea25/5/7/5785cov_.jpg,By Eric Masiello,496.0,Jan 2017,Leverage frontend development skills to build impressive iOS and Android applications with React Nat...,$35.99,JavaScript,Cross Platform Mobile Development,React Native
React Native By Example,www.packtpub.com/media/catalog/product/cache/5d165500a520a389deb95b325792ea25/b/0/b05604.png,By Richard Kho,414.0,Apr 2017,Leverage the full potential of the React Native framework to build and deploy your own native mobile...,$35.99,JavaScript,Cross Platform Mobile Development,React Native
React Native Blueprints,www.packtpub.com/media/catalog/product/cache/5d165500a520a389deb95b325792ea25/b/0/b06647.png,By Emilio Rodriguez Martinez,346.0,Nov 2017,Develop real world Android and iOS applications with the power of React native.,$35.99,JavaScript,Cross Platform Mobile Development,React Native
Getting Started with React Native,www.packtpub.com/media/catalog/product/cache/5d165500a520a389deb95b325792ea25/5/1/5181os_5162_getting20started20with20react20native.jpg,By Ethan Holmes,172.0,Dec 2015,Learn to build modern native iOS and Android applications using JavaScript and the incredible power ...,$23.99,JavaScript,Cross Platform Mobile Development,React Native
React: Cross-Platform Application Development with React Native,www.packtpub.com/media/catalog/product/cache/5d165500a520a389deb95b325792ea25/b/1/b10471.png,By Emilio Rodriguez Martinez,182.0,Mar 2018,Harness the power of React Native to build 4 real-world apps,$31.99,JavaScript,Cross Platform Mobile Development,React Native
React Native - Building Mobile Apps with JavaScript,www.packtpub.com/media/catalog/product/cache/5d165500a520a389deb95b325792ea25/b/0/b06928.png,By Vladimir Novick,434.0,Aug 2017,Your go-to guide to creating truly native iOS and Android mobile applications using React and JavaSc...,$35.99,JavaScript,Cross Platform Mobile Development,React Native
Sencha Touch 2 Mobile JavaScript Framework,www.packtpub.com/media/catalog/product/cache/5d165500a520a389deb95b325792ea25/0/7/0748os.jpg,By John Earl Clark,324.0,Nov 2013,Your knowledge of HTML and CSS is a door to the world of mobile web apps thanks to this handy guide ...,$29.99,JavaScript,Cross Platform Mobile Development,Sencha Touch
"Creating Mobile Apps with Sencha Touch 2,www.packtpub.com/media/catalog/product/cache/5d165500a520a389deb95b325792ea25/8/9/8901os_cov.jpg,By John Earl Clark,348.0,Apr 2013,""If you have basic to intermediate knowledge of Sencha Touch, this tutorial will give you a deep insi..."",$26.99,JavaScript,Cross Platform Mobile Development,Sencha Touch"
Sencha Touch Cookbook,www.packtpub.com/media/catalog/product/cache/5d165500a520a389deb95b325792ea25/5/4/5443exp_sencha20touch20cookbook.jpg,By Ajit Kumar,350.0,Dec 2011,Over 100 recipes for creating HTML5-based cross-platform apps for touch devices with this book and e...,$26.99,JavaScript,Cross Platform Mobile Development,Sencha Touch
Sencha Touch Mobile JavaScript Framework,www.packtpub.com/media/catalog/product/cache/5d165500a520a389deb95b325792ea25/5/1/5108os.jpg,By John Earl Clark,316.0,Feb 2012,Build web applications for Apple iOS and Google Android touchscreen devices with this first HTML5 mo...,$26.99,JavaScript,Cross Platform Mobile Development,Sencha Touch
Data Visualization with D3 and AngularJS,www.packtpub.com/media/catalog/product/cache/5d165500a520a389deb95b325792ea25/8/4/8484os.jpg,By Christoph Körner,278.0,Apr 2015,Build dynamic and interactive visualizations from real-world data with D3 on AngularJS,$35.99,JavaScript,Data Visualization,Angular
"Data Visualization with D3.js Cookbook,www.packtpub.com/media/catalog/product/cache/5d165500a520a389deb95b325792ea25/9/7/9781782162162.png,By Nick Zhu,338.0,Oct 2013,""Turn your digital data into dynamic graphics with this exciting, leading-edge cookbook. Packed with ..."",$26.99,JavaScript,Data Visualization,D3"
Data Visualization with D3 4.x Cookbook - Second Edition,www.packtpub.com/media/catalog/product/cache/5d165500a520a389deb95b325792ea25/b/0/b05530.png,By Nick Zhu,370.0,Feb 2017,Discover over 65 recipes to help you create breathtaking data visualizations using the latest featur...,$35.99,JavaScript,Data Visualization,D3
D3.js 4.x Data Visualization - Third Edition,www.packtpub.com/media/catalog/product/cache/5d165500a520a389deb95b325792ea25/9/7/9781787120358.png,By Ændrew Rininsland,308.0,Apr 2017,Create and publish your own interactive and compelling data visualizations with D3.js 4.x,$31.99,JavaScript,Data Visualization,D3
HTML5 Graphing and Data Visualization Cookbook,www.packtpub.com/media/catalog/product/cache/5d165500a520a389deb95b325792ea25/3/7/3707ot.jpg,By Ben Fhala,344.0,Nov 2012,Get a complete grounding in the exciting visual world of Canvas and HTML5 using this recipe-packed c...,$29.99,JavaScript,Data Visualization,D3
Learning Responsive Data Visualization,www.packtpub.com/media/catalog/product/cache/5d165500a520a389deb95b325792ea25/3/7/3781os_5166_learning20responsive20data20visualization.jpg,By Christoph Körner,258.0,Mar 2016,Master the art of building responsive visualizations on the Web,$35.99,JavaScript,Data Visualization,D3
Learning D3.js 5 Mapping - Second Edition,www.packtpub.com/media/catalog/product/cache/5d165500a520a389deb95b325792ea25/c/o/cover20-20copy_6388_0.png,By Thomas Newton,298.0,Nov 2017,Crisp and concise guide on building impressive maps as well as visualizations with D3 a JavaScript l...,$31.99,JavaScript,Data Visualization,D3
Data Visualization with d3.js,www.packtpub.com/media/catalog/product/cache/5d165500a520a389deb95b325792ea25/0/0/0007os.jpg,By Swizec Teller,194.0,Oct 2013,Inject new life into your data with this mini-guide that takes you through all the essentials of dat...,$17.99,JavaScript,Data Visualization,D3
Learning D3.js Mapping,www.packtpub.com/media/catalog/product/cache/5d165500a520a389deb95b325792ea25/5/6/5609os_b01690_learning_d3.js20mapping.jpg,By Thomas Newton,126.0,Dec 2014,Build stunning maps and visualizations using D3.js,$14.99,JavaScript,Data Visualization,D3
Social Data Visualization with HTML5 and JavaScript,www.packtpub.com/media/catalog/product/cache/5d165500a520a389deb95b325792ea25/6/5/6542os_cov.jpg,By Simon Timms,104.0,Sep 2013,The data on social networks is growing at an incredible pace and the best way to make sense of it is...,$17.99,JavaScript,Data Visualization,D3
Expert Data Visualization,www.packtpub.com/media/catalog/product/cache/5d165500a520a389deb95b325792ea25/b/0/b05732.png,By Jos Dirksen,394.0,Apr 2017,Breathe life into your data by learning how to use D3.js V4 to visualize information,$39.99,JavaScript,Data Visualization,D3
D3.js By Example,www.packtpub.com/media/catalog/product/cache/5d165500a520a389deb95b325792ea25/0/0/0085os_4230_d3.js20by20example.jpg,By Michael Heydt,304.0,Dec 2015,Create attractive web-based data visualizations using the amazing JavaScript library D3.js,$35.99,JavaScript,Data Visualization,D3
"Data Visualization: Representing Information on Modern Web,www.packtpub.com/media/catalog/product/cache/5d165500a520a389deb95b325792ea25/c/0/c06107_data20visualization_mockupcover_low.jpg,By Andy Kirk,531.0,Sep 2016,""Unleash the power of data by creating interactive, engaging, and compelling visualizations for the w..."",$69.99,JavaScript,Data Visualization,D3"
FusionCharts Beginner's Guide: The Official Guide for FusionCharts Suite,www.packtpub.com/media/catalog/product/cache/5d165500a520a389deb95b325792ea25/1/7/1765exp_fusioncharts20beginnere28099s20guide_cov.jpg,By Sanket Nadhani,252.0,Apr 2012,Create interactive charts in JavaScript (HTML5) and Flash for your web and enterprise applications w...,$26.99,JavaScript,Data Visualization,FusionCharts
Google Visualization API Essentials,www.packtpub.com/media/catalog/product/cache/5d165500a520a389deb95b325792ea25/4/3/4360ot.jpg,By Traci L. Ruthkoski,252.0,Apr 2013,Make sense of your data: make it visual with the Google Visualization API,$26.99,JavaScript,Data Visualization,Google Visualization API
"Learning Highcharts,www.packtpub.com/media/catalog/product/cache/5d165500a520a389deb95b325792ea25/9/0/9083os_learning20highcharts20by20example.jpg,By Joe Kuan,362.0,Dec 2012,""Whether you’re a novice or an advanced web developer, this practical tutorial will enable you to pro..."",$26.99,JavaScript,Data Visualization,Highcharts"
"Learning Highcharts 4,www.packtpub.com/media/catalog/product/cache/5d165500a520a389deb95b325792ea25/7/4/7451os_learning20highcharts204_frontcov_0.jpg,By Joe Kuan,478.0,Jan 2015,""Design eye-catching and interactive JavaScript charts for your web page with Highcharts, one of the ..."",$26.99,JavaScript,Data Visualization,Highcharts"
Kibana Essentials,www.packtpub.com/media/catalog/product/cache/5d165500a520a389deb95b325792ea25/4/9/4936os_3766_kibana20essentials.jpg,By Yuvraj Gupta,206.0,Nov 2015,Use the functionalities of Kibana to discover data and build attractive visualizations and dashboard...,$28.99,JavaScript,Data Visualization,Kibana
OpenLayers 3.x Cookbook - Second Edition,www.packtpub.com/media/catalog/product/cache/5d165500a520a389deb95b325792ea25/7/7/7756os_4838_openlayers203.x20cookbook.jpg,By Peter J. Langley,304.0,Mar 2016,Over 50 comprehensive recipes to help you create spectacular maps with OpenLayers 3,$35.99,JavaScript,Data Visualization,OpenLayers
Sencha Charts Essentials,www.packtpub.com/media/catalog/product/cache/5d165500a520a389deb95b325792ea25/9/7/9767os.jpg,By Ajit Kumar,214.0,May 2015,Create stunning charts and visualizations for both web and mobile applications,$19.99,JavaScript,Data Visualization,Sencha Touch
Socket.IO Cookbook,www.packtpub.com/media/catalog/product/cache/5d165500a520a389deb95b325792ea25/0/8/0865os.jpg,By Tyson Cadenhead,184.0,Oct 2015,Over 40 recipes to help you create real-time JavaScript applications using the robust Socket.IO fram...,$23.99,JavaScript,Data Visualization,Socket.io
Learn Three.js - Third Edition,www.packtpub.com/media/catalog/product/cache/5d165500a520a389deb95b325792ea25/9/7/9781788833288-original.png,By Jos Dirksen,528.0,Aug 2018,Create and animate stunning 3D browser based graphics with Three.js JavaScript library,$35.99,JavaScript,Data Visualization,Three.js
"Three.js Cookbook,www.packtpub.com/media/catalog/product/cache/5d165500a520a389deb95b325792ea25/3/1/3144_three.js20cookbook.jpg,By Jos Dirksen,300.0,Jan 2015,""Over 80 shortcuts, solutions, and recipes that allow you to create the most stunning visualizations ..."",$29.99,JavaScript,Data Visualization,Three.js"
Learning Three.js - the JavaScript 3D Library for WebGL (Second Edition),www.packtpub.com/media/catalog/product/cache/5d165500a520a389deb95b325792ea25/2/2/2215os.jpg,By Jos Dirksen,422.0,Mar 2015,Create stunning 3D graphics in your browser using the Three.js JavaScript library,$39.99,JavaScript,Data Visualization,Three.js
"Learning Three.js: The JavaScript 3D Library for WebGL,www.packtpub.com/media/catalog/product/cache/5d165500a520a389deb95b325792ea25/6/2/6283os.jpg,By Jos Dirksen,402.0,Oct 2013,""Three.js makes creating 3D computer graphics on a web browser a piece of proverbial cake, and this p..."",$29.99,JavaScript,Data Visualization,Three.js"
Learning Angular - Third Edition,www.packtpub.com/media/catalog/product/cache/5d165500a520a389deb95b325792ea25/9/7/9781839210662-original_353.jpeg,By Aristeidis Bampakos,430.0,Sep 2020,Uncover Angular’s potential for creating enterprise web applications—from setting up the environment...,$24.99,JavaScript,Front End Web Development,Angular
"Architecting Angular Applications with Redux, RxJS, and NgRx,www.packtpub.com/media/catalog/product/cache/5d165500a520a389deb95b325792ea25/b/0/b07031_cover.png,By Christoffer Noring,364.0,Mar 2018,""Manage state in Angular to write high performing web apps by combining the power of Flux, RxJS, and ..."",$35.99,JavaScript,Front End Web Development,Angular"
"Angular 6 by Example - Third Edition,www.packtpub.com/media/catalog/product/cache/5d165500a520a389deb95b325792ea25/b/0/b09551_cover.png,By Chandermani Arora,504.0,Jun 2018,""Harness the power of Angular Components, Router, Forms, Directives and much more to build profession..."",$35.99,JavaScript,Front End Web Development,Angular"
Mastering Angular Components - Second Edition,www.packtpub.com/media/catalog/product/cache/5d165500a520a389deb95b325792ea25/b/0/b07253_mockupcover.png,By Gion Kunz,402.0,Jul 2018,Develop modern user interfaces using Angular 6 and its component-based architecture.,$31.99,JavaScript,Front End Web Development,Angular
"Expert Angular,www.packtpub.com/media/catalog/product/cache/5d165500a520a389deb95b325792ea25/c/o/cover_5070.png,By Mathieu Nayrolles,454.0,Jul 2017,""Learn everything you need to build highly scalable, robust web applications using Angular 4"",$39.99,JavaScript,Front End Web Development,Angular"
Mastering Angular 2 Components,www.packtpub.com/media/catalog/product/cache/5d165500a520a389deb95b325792ea25/9/7/9781785884641.png,By Gion Kunz,372.0,Jun 2016,Learn to build component-based user interfaces of the future using Angular 2,$35.99,JavaScript,Front End Web Development,Angular
Angular 2 Components,www.packtpub.com/media/catalog/product/cache/5d165500a520a389deb95b325792ea25/2/3/2340os_b05076_angular20220components.png,By Nir Kaufman,124.0,Nov 2016,A quick and concise guide to Angular 2 Components,$23.99,JavaScript,Front End Web Development,Angular
Angular Services,www.packtpub.com/media/catalog/product/cache/5d165500a520a389deb95b325792ea25/b/0/b05074.png,By Sohail Salehi,294.0,Feb 2017,Design state-of-the-art applications with customized Angular services,$31.99,JavaScript,Front End Web Development,Angular
"Learning Web Development with Bootstrap and AngularJS,www.packtpub.com/media/catalog/product/cache/5d165500a520a389deb95b325792ea25/7/5/7550os_learning20web20developement20with20bootstrap20and20angular.js_.jpg,By Stephen Radford,224.0,May 2015,""Build your own web app with Bootstrap and AngularJS, utilizing the latest web technologies"",$39.99,JavaScript,Front End Web Development,Angular"
Learning Angular - Second Edition,www.packtpub.com/media/catalog/product/cache/5d165500a520a389deb95b325792ea25/b/0/b06169_cover.png,By Christoffer Noring,456.0,Dec 2017,Build modern SPAs by learning the latest and powerful features of Angular 5 and TypeScript 2.x,$35.99,JavaScript,Front End Web Development,Angular
AngularJS Directives Cookbook,www.packtpub.com/media/catalog/product/cache/5d165500a520a389deb95b325792ea25/b/0/b04051_cover.png,By Fernando Monteiro,206.0,Nov 2015,Extend the capabilities of AngularJS and build dynamic web applications by creating customized direc...,$31.99,JavaScript,Front End Web Development,Angular
Building Modern Web Applications Using Angular 4,www.packtpub.com/media/catalog/product/cache/5d165500a520a389deb95b325792ea25/9/7/9781785880728.png,By Shravan Kumar Kasagoni,226.0,May 2017,Design and develop next generation web applications using Angular 2 and Angular 4,$31.99,JavaScript,Front End Web Development,Angular
"AngularJS by Example,www.packtpub.com/media/catalog/product/cache/5d165500a520a389deb95b325792ea25/b/0/b03520_cover.png,By Chandermani Arora,454.0,Mar 2015,""Tackle the challenges of modern web development with this AngularJS tutorial, packed with practical ..."",$24.99,JavaScript,Front End Web Development,Angular"
"Switching to Angular - Third Edition,www.packtpub.com/media/catalog/product/cache/5d165500a520a389deb95b325792ea25/b/0/b09239_cover.png,By Minko Gechev,280.0,Oct 2017,""Switching to Angular, Third Edition is the go-to book to align and get started with the Angular Java..."",$23.99,JavaScript,Front End Web Development,Angular"
Angular Projects,www.packtpub.com/media/catalog/product/cache/5d165500a520a389deb95b325792ea25/9/7/9781838559359-original_96.jpeg,By Zama Khan Mohammed,350.0,Sep 2019,Understand Angular web development by building real-world captivating applications exploring various...,$27.99,JavaScript,Front End Web Development,Angular
Hands-on Full Stack Development with Angular 5 and Firebase,www.packtpub.com/media/catalog/product/cache/5d165500a520a389deb95b325792ea25/b/0/b07730_cover.png,By Uttam Agarwal,256.0,Feb 2018,Build an end-to-end application from development to production by binding Angular with Firebase in t...,$31.99,JavaScript,Front End Web Development,Angular
Angular 2 By Example,www.packtpub.com/media/catalog/product/cache/5d165500a520a389deb95b325792ea25/7/1/7192os_5079_angular20220by20example.png,By Chandermani Arora,510.0,Nov 2016,Discover everything you need to know to build your own Angular 2 applications the hands-on way,$35.99,JavaScript,Front End Web Development,Angular
Getting Started with Angular - Second Edition,www.packtpub.com/media/catalog/product/cache/5d165500a520a389deb95b325792ea25/b/0/b06166.png,By Minko Gechev,278.0,Mar 2017,Fast-track your web development skills to build high performance SPA with Angular 2 and beyond,$27.99,JavaScript,Front End Web Development,Angular
"AngularJS: Maintaining Web Applications,www.packtpub.com/media/catalog/product/cache/5d165500a520a389deb95b325792ea25/a/n/angularjs_course20front20cover.jpg,By Rodrigo Branas,1010.0,Apr 2016,""Get started with speed building AngularJS applications, and scale up to a full-stack web application..."",$59.99,JavaScript,Front End Web Development,Angular"
AngularJS Web Application Development Blueprints,www.packtpub.com/media/catalog/product/cache/5d165500a520a389deb95b325792ea25/5/6/5617os_angularjs20web20application20development20blueprints_frontcover.jpg,By Vinci Rufus,300.0,Aug 2014,A practical guide to developing powerful web applications with AngularJS,$29.99,JavaScript,Front End Web Development,AngularJS
AngularJS Directives,www.packtpub.com/media/catalog/product/cache/5d165500a520a389deb95b325792ea25/0/3/0339os.jpg,By Alex Vanston,110.0,Sep 2013,Intermediate JavaScript developers could take a big step forward with this essential step-by-step tu...,$19.99,JavaScript,Front End Web Development,AngularJS
Data-oriented Development with AngularJS,www.packtpub.com/media/catalog/product/cache/5d165500a520a389deb95b325792ea25/8/0/8057os_data20oriented20development20with20angularjs.jpg,By Manoj Waikar,156.0,Apr 2015,Write DSLs for your user interface code using AngularJS directives and add real-time capabilities to...,$19.99,JavaScript,Front End Web Development,AngularJS
"AngularJS Services,www.packtpub.com/media/catalog/product/cache/5d165500a520a389deb95b325792ea25/3/5/3568os_cov.jpg,By Jim Lavin,152.0,Aug 2014,""Design, build, and test services to create a foundation for your AngularJS applications"",$16.99,JavaScript,Front End Web Development,AngularJS"
"AngularJS Essentials,www.packtpub.com/media/catalog/product/cache/5d165500a520a389deb95b325792ea25/0/0/0086os_angularjs20essentials_mini.jpg,By Rodrigo Branas,180.0,Aug 2014,""Design and construct reusable, maintainable, and modular web applications with AngularJS."",$20.99,JavaScript,Front End Web Development,AngularJS"
AngularJS Deployment Essentials,www.packtpub.com/media/catalog/product/cache/5d165500a520a389deb95b325792ea25/3/5/3582os_b00110_angularjs20deployment20essentials.jpg,By Zachariah Moreno,148.0,Feb 2015,Learn how to optimally deploy your AngularJS applications to today's top hosting environments,$14.99,JavaScript,Front End Web Development,AngularJS
Mastering Web Application Development with AngularJS,www.packtpub.com/media/catalog/product/cache/5d165500a520a389deb95b325792ea25/1/8/1820os.jpg,By Peter Bacon Darwin,372.0,Aug 2013,Streamline your web applications with this hands-on course. From initial structuring to full deploym...,$26.99,JavaScript,Front End Web Development,AngularJS
Backbone.js Blueprints,www.packtpub.com/media/catalog/product/cache/5d165500a520a389deb95b325792ea25/6/9/6997os.jpg,By Andrew Burgess,256.0,May 2014,Everything you need to know about building front end apps in Backbone.js is contained in this book. ...,$29.99,JavaScript,Front End Web Development,Backbone.js
Mastering Backbone.js,www.packtpub.com/media/catalog/product/cache/5d165500a520a389deb95b325792ea25/8/4/8496_1962os_mastering20backbone.jpg,By Abiee Echamea,278.0,Jan 2016,Design and build scalable web applications using Backbone.js,$39.99,JavaScript,Front End Web Development,Backbone.js
"Getting Started with Backbone Marionette,www.packtpub.com/media/catalog/product/cache/5d165500a520a389deb95b325792ea25/4/2/4252os_20mini_cover.jpg,By Raymundo Armendariz,94.0,Jan 2014,""If you know JavaScript and a little Backbone.js, this book is just what you need to move your speed ..."",$17.99,JavaScript,Front End Web Development,Backbone.js"
Backbone.js Essentials,www.packtpub.com/media/catalog/product/cache/5d165500a520a389deb95b325792ea25/4/7/4790os_backbone.js20essentials.jpg,By Jeremy Walker,180.0,May 2015,Build amazing high-performance web applications using Backbone.js,$19.99,JavaScript,Front End Web Development,Backbone.js
"Backbone.js Cookbook,www.packtpub.com/media/catalog/product/cache/5d165500a520a389deb95b325792ea25/2/7/2728os_cov.jpg,By Vadim Mirgorod,282.0,Aug 2013,""For JavaScript developers the Backbone.js framework is full of potential. This book, with its access..."",$26.99,JavaScript,Front End Web Development,Backbone.js"
Mastering Ext JS - Second Edition,www.packtpub.com/media/catalog/product/cache/5d165500a520a389deb95b325792ea25/0/4/0457ot_b03756_mastering20ext20js20second20edition_frontcov.jpg,By Loiane Groner,400.0,Feb 2015,Learn how to develop advanced and efficient Internet applications with Ext JS,$29.99,JavaScript,Front End Web Development,Ext JS
Ext JS 3.0 Cookbook,www.packtpub.com/media/catalog/product/cache/5d165500a520a389deb95b325792ea25/8/7/8709_mockupcover_cookbook.jpg,By Jorge Ramon,376.0,Oct 2009,Clear step-by-step recipes for building impressive rich internet applications using the Ext JS JavaS...,$29.99,JavaScript,Front End Web Development,Ext JS
Ext JS Data-driven Application Design,www.packtpub.com/media/catalog/product/cache/5d165500a520a389deb95b325792ea25/5/4/5446os_20extjs20data-driven20application20design.jpg,By Kazuhiro Kotsutsumi,162.0,Dec 2013,Learn how to build a user-friendly database in Ext JS using data from an existing database with this...,$20.99,JavaScript,Front End Web Development,Ext JS
"Learning Ext JS 3.2,www.packtpub.com/media/catalog/product/cache/5d165500a520a389deb95b325792ea25/1/2/1209os_mockupcover.jpg,By Shea Frederick,432.0,Oct 2010,""Build dynamic, desktop-style user interfaces for your data-driven web applications using Ext JS"",$26.99,JavaScript,Front End Web Development,Ext JS"
"Ext.NET Web Application Development,www.packtpub.com/media/catalog/product/cache/5d165500a520a389deb95b325792ea25/3/2/3240ot_ext.net20web20application20develpoment_0.jpg,By Anup Shah,410.0,Nov 2012,""If you�re looking to build .NET based rich internet applications, look no further. This is the ideal..."",$32.99,JavaScript,Front End Web Development,Ext JS"
Mastering Ext JS,www.packtpub.com/media/catalog/product/cache/5d165500a520a389deb95b325792ea25/4/0/4005oscov.jpg,By Loiane Groner,358.0,Jul 2013,In this book you’ll learn to develop a complete application with ExtJS. Enhance your existing skills...,$29.99,JavaScript,Front End Web Development,Ext JS
Ext JS Application Development Blueprints,www.packtpub.com/media/catalog/product/cache/5d165500a520a389deb95b325792ea25/5/3/5308otcov.jpg,By Colin Ramsay,340.0,Apr 2015,Develop robust and maintainable projects that exceed client expectations using Ext JS,$35.99,JavaScript,Front End Web Development,Ext JS
Ext JS Essentials,www.packtpub.com/media/catalog/product/cache/5d165500a520a389deb95b325792ea25/6/6/6626ot.jpg,By Stuart Ashworth,216.0,Apr 2015,Get up and running with building interactive and rich web applications using Sencha's Ext JS 5,$35.99,JavaScript,Front End Web Development,Ext JS
jQuery UI Cookbook,www.packtpub.com/media/catalog/product/cache/5d165500a520a389deb95b325792ea25/2/1/2186os.jpg,By Adam Boduch,290.0,Jul 2013,For jQuery UI developers this is the ultimate guide to maximizing the potential of your user interfa...,$29.99,JavaScript,Front End Web Development,jQuery UI
Mastering jQuery UI,www.packtpub.com/media/catalog/product/cache/5d165500a520a389deb95b325792ea25/2/0/2018_6652os_mastering20jquery20ui_cov.jpg,By Vijay Joshi,312.0,Feb 2015,Become an expert in creating real-world Rich Internet Applications using the varied components of jQ...,$29.99,JavaScript,Front End Web Development,jQuery UI
jQuery UI Themes Beginner's Guide,www.packtpub.com/media/catalog/product/cache/5d165500a520a389deb95b325792ea25/0/4/0448os_jquery20ui20themes20beginners20guide_front20cover.jpg,By Adam Boduch,268.0,Jul 2011,With a working knowledge of JavaScript you can use the JQuery UI toolkit to create professional look...,$23.99,JavaScript,Front End Web Development,jQuery UI
Instant jQuery UI Starter,www.packtpub.com/media/catalog/product/cache/5d165500a520a389deb95b325792ea25/8/2/8232os.jpg,By Jesse Boyer,46.0,May 2013,Discover how you can create rich end-user experiences for your web applications with jQuery UI,$12.99,JavaScript,Front End Web Development,jQuery UI
jQuery UI 1.6: The User Interface Library for jQuery,www.packtpub.com/media/catalog/product/cache/5d165500a520a389deb95b325792ea25/5/1/5128_mockupcover.jpg,By Dan Wellman,440.0,Feb 2009,Build highly interactive web applications with ready-to-use widgets of the jQuery user interface lib...,$26.99,JavaScript,Front End Web Development,jQuery UI
Learning jQuery 3 - Fifth Edition,www.packtpub.com/media/catalog/product/cache/5d165500a520a389deb95b325792ea25/9/7/9781785882982-original_41.jpeg,,448.0,May 2017,Create efficient and smart web applications with jQuery 3.0 using this step-by-step practical tutori...,$31.99,JavaScript,Front End Web Development,jQuery













































































































































































































































































































































































































































































































































































































































































































































































































































































































































































































































































































































































































































































































































































































































































































































































































































































































































































































































































































































































































































































































































































































































































































































































































































































































































































































































































































































































































































































































































































































































































































































































































































































































































































































































































































































































































































































































































































































































































































































































































































































































































































































































































































































































































































































































































































































































































































































































































































































































































































































































































































































































































































































































































































































































































































































































































































































































































































































































































































































































































































































































































































































































































































































































































































































































































































































































































































































































































































































































































































































































































































































































































































































































































































































































































































































































































































































































































































































































































































































































































































































































































































































































































































































































































































































































































Test-Driven iOS Development with Swift,www.packtpub.com/media/catalog/product/cache/5d165500a520a389deb95b325792ea25/9/7/9781785880735.png,By Dr. Dominik Hauser,218.0,Feb 2016,Create fully-featured and highly functional iOS apps by writing tests first,$27.99,Swift,Test Driven Development,Xcode
Apple Watch App Development,www.packtpub.com/media/catalog/product/cache/5d165500a520a389deb95b325792ea25/i/6/i6362cov_.jpg,By Steven F. Daniel,358.0,Apr 2016,Build real-world applications for the Apple Watch platform using the WatchKit framework and Swift 2....,$35.99,Swift,Wearable Tech,WatchKit
Building Apple Watch Projects,www.packtpub.com/media/catalog/product/cache/5d165500a520a389deb95b325792ea25/7/3/7369ot_5086_building20apple20watch20projects.jpg,By Stuart Grimshaw,298.0,Feb 2016,Discover exciting and fun projects by building brilliant applications for the Apple Watch,$35.99,Swift,Wearable Tech,Xcode
